{
  "KeepFileName": ".keep",
  "NoteFileName": "[note]",
  "NoteFileNamePfx": "0-",
  "NoteFilesFullDirNamePart": "[note-files]",
  "FullDirNameJoinStr": "-",
  "BasicNoteBookNoteFilesDirName": "NF",
  "MaxDirNameLength": 100,
  "NoteItemDirNamesPfx": null,
  "NoteInternalDirNamesPfx": "0",
  "DefaultNoteFilesShortDirNameIdxStr": "1",
  "KeepFileContentsTemplate": "",
  "KeepFileContainsNoteJson": true,
  "MdFileContentsTemplate": "# {0}  \n\n",
  "DefaultSortOrderIsAscending": false,
  "TitleMacrosFilePathsArr": [
    "trmrk-config.TitleMacrosMap.base.json",
    "trmrk-config.TitleMacrosMap.main.json"
  ]
}